Workbook

Sheet Исходные данные
B2: 0 | C2: 0 | D2: 0 | E2: 0.003 | F2: 0.011 | G2: 0.042 | H2: 0.191 | I2: 0.405 | J2: 0.002 | K2: 0.432
B3: 0.517 | C3: 0.456 | D3: 0.047 | E3: 0.162 | F3: 0.097 | G3: 0.261 | H3: 0.168 | I3: 0.028 | J3: 0.324 | K3: 0.125
B4: 0.438 | C4: 0.136 | D4: 0.019 | E4: 0.269 | F4: 0.092 | G4: 0.653 | H4: 0.376 | I4: 0.099 | J4: 0.812 | K4: 0.438
B5: 0.092 | C5: 0.134 | D5: 0.307 | E5: 0.181 | F5: 0.327 | G5: 0.338 | H5: 0.539 | I5: 0.25 | J5: 0.45 | K5: 0.096
B6: 0.125 | C6: 0.174 | D6: 0.159 | E6: 0.091 | F6: 0.229 | G6: 0.468 | H6: 0.283 | I6: 0.151 | J6: 0.244 | K6: 0.261
B8: ср. знач | C8: 0.262
B9: дисперс | C9: 0.047

Sheet Метод 1
B2: M_0 | C2: =_xlfn.MODE.SNGL('Исходные данные'!B2:K6) -> 0
B3: М_E | C3: =MEDIAN('Исходные данные'!B2:K6) -> 0.1775 | E3: Равенство 1 не выполняется
B4: X_ср | C4: 0.262
B6: n | C6: 50 | E6: A_s/U_3 | F6: =C8/C9 -> 2.7384145
B7: E_x | C7: =KURT('Исходные данные'!B2:K6) -> 0.62101071 | E7: E_x/U_4 | F7: =C7/C10 -> 0.99851428
B8: A_s | C8: =SKEW('Исходные данные'!B2:K6) -> 0.90312909 | H8: Равенство 2 не выполняется
B9: U_3 | C9: =SQRT((6*(50-1))/((50+1)*(50+3))) -> 0.32979999
B10: U_4 | C10: =SQRT((24*50*(50-2)*(50-3))/((50-1)^2*(50+3)*(50+5))) -> 0.62193473

Sheet Метод 2
B2: A | C2: =MAX('Исходные данные'!B2:K6)-MIN('Исходные данные'!B2:K6) -> 0.812 | L2: 3.83 | M2: < | N2: 4.34 | O2: < | P2: 5.14
B3: sigma | C3: =_xlfn.STDEV.S('Исходные данные'!B2:K6) -> 0.18708505
L4: Неравенство выполнаяется
B5: A/sigm | C5: =C2/C3 -> 4.3402721
B7: a | C7: 0.05

Sheet Метод 3
B2: sigma | C2: B | D2: x_ср | E2: x_ср - B*sigm | F2: x_ср + B*sigm | G2: n | H2: n_i | I2: n_i/n | J2: R_кр
B3: 0.18708505 | C3: 0.3 | D3: 0.262 | E3: =$D$3-C3*$B$3 -> 0.20587449 | F3: =$D$3+C3*$B$3 -> 0.31812551 | G3: 50 | H3: =COUNTIFS('Исходные данные'!$B$2:$K$6, ">=" & E3, 'Исходные данные'!$B$2:$K$6, "<=" & F3) -> 8 | I3: =H3/$G$3 -> 0.16 | J3: 0.25
C4: 0.7 | E4: =$D$3-C4*$B$3 -> 0.13104047 | F4: =$D$3+C4*$B$3 -> 0.39295953 | H4: =COUNTIFS('Исходные данные'!$B$2:$K$6, ">=" & E4, 'Исходные данные'!$B$2:$K$6, "<=" & F4) -> 21 | I4: =H4/$G$3 -> 0.42 | J4: 0.5
C5: 1.1 | E5: =$D$3-C5*$B$3 -> 0.056206449 | F5: =$D$3+C5*$B$3 -> 0.46779355 | H5: =COUNTIFS('Исходные данные'!$B$2:$K$6, ">=" & E5, 'Исходные данные'!$B$2:$K$6, "<=" & F5) -> 35 | I5: =H5/$G$3 -> 0.7 | J5: 0.75
C6: 3 | E6: =$D$3-C6*$B$3 -> -0.29925514 | F6: =$D$3+C6*$B$3 -> 0.82325514 | H6: =COUNTIFS('Исходные данные'!$B$2:$K$6, ">=" & E6, 'Исходные данные'!$B$2:$K$6, "<=" & F6) -> 50 | I6: =H6/$G$3 -> 1 | J6: 0.99
B8: Не выполняется для последнего числа B

Sheet Метод 4
B2: САО | C2: =AVEDEV('Исходные данные'!B2:K6) -> 0.1514848 | E2: =ABS(C2/C3-0.7979) -> 0.011810892 | F2: = | G2: =(0.4/SQRT(50)) -> 0.056568542
B3: sigma | C3: =_xlfn.STDEV.S('Исходные данные'!B2:K6) -> 0.18708505
B5: Равенство не выполняется
